{
  "version": 1,
  "author": "Lisardo Ale",
  "editor": "wokwi",
  "parts": [
    { "type": "wokwi-arduino-uno", "id": "uno", "top": 71.32, "left": -100.01, "attrs": {} },
    {
      "type": "wokwi-microsd-card",
      "id": "sd1",
      "top": -33.33,
      "left": 14.67,
      "rotate": 90,
      "attrs": {}
    },
    { "type": "wokwi-dht22", "id": "dht1", "top": 29.1, "left": 205.8, "attrs": {} }
  ],
  "connections": [
    [ "sd1:SCK", "uno:13", "green", [ "v18", "h-31" ] ],
    [ "sd1:GND", "uno:GND.1", "black", [ "v21", "h-48" ] ],
    [ "sd1:DO", "uno:12", "green", [ "v24", "h-42" ] ],
    [ "sd1:DI", "uno:11", "green", [ "v14", "h6" ] ],
    [ "sd1:CS", "uno:10", "green", [ "v7", "h21" ] ],
    [ "uno:5V", "sd1:VCC", "red", [ "v11", "h-89", "v-220", "h79" ] ],
    [ "dht1:GND", "uno:GND.3", "black", [ "v134.4", "h-144" ] ],
    [ "dht1:SDA", "uno:2", "green", [ "h-47.9", "v-63.68" ] ],
    [ "dht1:VCC", "uno:3.3V", "red", [ "v153.6", "h-170.81" ] ]
  ],
  "dependencies": {}
}